{
  "total_return_pct": 1416.6288476730167,
  "num_trades": 197,
  "max_drawdown_pct": 32.721988615457896,
  "sharpe_ratio": 2.7577769447030587,
  "win_rate_pct": 44.67005076142132
}