{
  "accuracy": 0.473972602739726,
  "auc": 0.45295319353481944,
  "logloss": 0.8056823659597077,
  "cv_mean_auc": 0.5147902420376189,
  "cv_std_auc": 0.029276249933602297,
  "n_samples": 1822,
  "n_features": 58
}